pid,playerName,draftSeason,date_added
1655,Chuck Stewart,79,2026-05-10
1648,Jacob Marsh,79,2026-05-10
1643,Hotdog Lunch,79,2026-05-10
1638,Tip Toasty,79,2026-05-10
1632,Hamper Linthome,79,2026-05-10
1628,Dejana Kaptina,79,2026-05-10
1627,Katharina Rosenthal,79,2026-05-10
1625,Abby Wright-Bach,79,2026-05-10
1622,Dieter Frühstück,79,2026-05-10
1609,Normand Marineau,79,2026-05-10
1603,Kiwi Söderberg-Snooks,79,2026-05-10
1598,Barcus Juneau,79,2026-05-10
1597,Hip Hurts,79,2026-05-10
1589,Jauhnne Hawky,79,2026-05-10
1587,Jeremy Snugglemuffin III,79,2026-05-10
1586,Jason Bourne,79,2026-05-10
1585,Nanashi Mumei,79,2026-05-10
1581,Gordon McFisherman,78,2026-05-10
1531,Campbell Fischermann,78,2026-05-10
1529,Jackass Pants,78,2026-05-10
1527,Elliot Alderson,78,2026-05-10
1526,Jett Labyrinth,78,2026-05-10
1511,Spaceman Spiff,78,2026-05-10
1510,Ville Sato-Maki,78,2026-05-10
1504,Cristoforo Roccamontepiano,78,2026-05-10
1473,Oliver Cornwall,77,2026-05-10
1462,Yuri Boyka III,77,2026-05-10
1454,Nor Ge,77,2026-05-10
1453,Gwendolyn Telenn,77,2026-05-10
1452,Jefferson Steelflex,77,2026-05-10
1446,AT-AT Wøllker,77,2026-05-10
1443,Elvar Gil-Galad,77,2026-05-10
1423,Sam Volta,77,2026-05-10
1419,Roquefort Cotswold,77,2026-05-10
1416,Swedish Chef,77,2026-05-10
1380,Ylib Kove,76,2026-05-10
1362,Stavros Kondos,76,2026-05-10
1562,Chris McZehrl III,78,2026-05-10
1469,Louis Bélanger,77,2026-05-10
1445,Hockey Player,77,2026-05-10
1386,Blade Hunter,76,2026-05-10
1381,Jamie Fraser,76,2026-05-10
1375,Scar Bealey,76,2026-05-10
1354,Deth Klaw,76,2026-05-10
1353,Nathangus McExplosion,76,2026-05-10
1349,Matviy Cajabi,76,2026-05-10
1344,Alexa Johansen,76,2026-05-10
1337,Jennifer Huh,76,2026-05-10
1377,Max Belcher,76,2026-05-10
1370,Brayden Point,76,2026-05-10
1357,Robo Sven,76,2026-05-10
1289,Demir Bellona,75,2026-05-10
1271,Slava-Ukraini Heroyam-Slava,75,2026-05-10
1267,Ongo Gablogian,75,2026-05-10
1259,Pinli Switchbang,75,2026-05-10
1253,Literally Wizard,75,2026-05-10
1246,Teemu Salami,75,2026-05-10
1243,Edouard Lavoie,75,2026-05-10
1242,Journey Man,75,2026-05-10
1235,Song Ju-gong,75,2026-05-10
1348,Will Nuck,76,2026-05-10
1336,James Howlett,76,2026-05-10
1301,Violet Stoica,75,2026-05-10
1266,Eric Vanderberg Jr,75,2026-05-10
1245,Mia Lavoie,75,2026-05-10
1218,Troy McClure IIII,74,2026-05-10
1202,Céleste Desjardins,74,2026-05-10
1195,Marek Carda,74,2026-05-10
1192,Leonard Wood,74,2026-05-10
1190,Juan Tymer,74,2026-05-10
1185,Langston Hardison-Laurent,74,2026-05-10
1180,Squidwardo Tentaclés,74,2026-05-10
1173,Shadow Fenix,74,2026-05-10
1172,Frøya Solberg,74,2026-05-10
1171,Sonja Solberg,74,2026-05-10
658,Shawn Pawn,74,2026-05-10
645,Dag-Otto Björntjänst,74,2026-05-10
644,Cal Juice,74,2026-05-10
643,Will Tomlander,74,2026-05-10
594,Jani Mänty,73,2026-05-10
1159,Mikkel Enevoldsen,74,2026-05-10
637,Gordon-William Gibbles,74,2026-05-10
623,Kristian Seppanen,73,2026-05-10
618,Ho Lee-Smokes,73,2026-05-10
613,Prince Marius,73,2026-05-10
606,Guy Incognito,73,2026-05-10
601,Jae-ik Barron,73,2026-05-10
600,Dunkler Sowerwine,73,2026-05-10
590,Jussi Mutou,73,2026-05-10
573,Lily Jin Morrow,73,2026-05-10
569,Betzee Nickelback,73,2026-05-10
568,Florian Söderberg-Motyla,73,2026-05-10
1154,Rodrigo Banes,74,2026-05-10
1092,Bernard Lodge,72,2026-05-10
612,Sad Ketchup,73,2026-05-10
608,Brooklyn Physt,73,2026-05-10
575,Xavier Beausoleil,73,2026-05-10
557,Westley Kirkpatrick,72,2026-05-10
547,Jaromir Jagrbomb,72,2026-05-10
544,Zedward Zilliams,72,2026-05-10
528,Alexandros Mograine,72,2026-05-10
496,Trevor Lahey,72,2026-05-10
471,Furious Chicken,71,2026-05-10
583,Ubba Lodbrok,73,2026-05-10
577,Mac Turner,73,2026-05-10
462,Logan Webb,71,2026-05-10
451,Jay Bryzi,71,2026-05-10
426,Dominik Winters,71,2026-05-10
1071,"Rhett ""Shaggy"" Carpet",70,2026-05-10
1070,Tibuk Soonika,70,2026-05-10
461,Oliver Castillon,71,2026-05-10
418,Mercedes Baylé,71,2026-05-10
392,Elena Maximova,70,2026-05-10
391,Willow Söderberg-Snooks,70,2026-05-10
386,Ace Lightning,70,2026-05-10
383,Sydney Shaw,70,2026-05-10
361,Tony Soprano,70,2026-05-10
476,Filip Svatos,71,2026-05-10
433,Levin Schattenaxt,71,2026-05-10
390,Gnabe Dabson,70,2026-05-10
384,Nathan Cormier,70,2026-05-10
365,Daniel Grumathan,70,2026-05-10
353,Jiggle E. Puff,70,2026-05-10
343,Jack McCarthy,69,2026-05-10
338,Georg N'Zola,69,2026-05-10
333,Billy Herrington,69,2026-05-10
331,Pork Tenderloin,69,2026-05-10
293,Peter Tingle,69,2026-05-10
292,Antoine Beauregard,69,2026-05-10
291,Oskar Scholz,69,2026-05-10
286,Chris Valentine,68,2026-05-10
282,Nathaniel Barca,68,2026-05-10
1064,Grzegorz Brzęczyszczykiewicz,69,2026-05-10
369,Lasse Zeigler,70,2026-05-10
298,Luca Pane,69,2026-05-10
285,Lester Oiduser,68,2026-05-10
281,Toasty,68,2026-05-10
280,Nash Topalo,68,2026-05-10
273,Cale Salad,68,2026-05-10
269,Erik Bergmark,68,2026-05-10
265,Ekaterina Valieva,68,2026-05-10
263,Derek Martin,68,2026-05-10
261,Viktor Hargreeves,68,2026-05-10
258,Marton Diehm,68,2026-05-10
256,Jarrod Lakemore,68,2026-05-10
225,Adam Prpich,67,2026-05-10
248,Nevek Kove,67,2026-05-10
274,John Brown,68,2026-05-10
260,Adam Liebold,68,2026-05-10
241,Antonio Flusso,67,2026-05-10
239,Hodor,67,2026-05-10
234,Axel Kirby,67,2026-05-10
222,Jack St. Clair,67,2026-05-10
1047,Anthony Dionne,66,2026-05-10
277,Filip Lund,68,2026-05-10
228,Meta Knight,67,2026-05-10
221,Dusty Rhodes,67,2026-05-10
219,Philippe-Eko Eel,66,2026-05-10
217,Julian Flörsch,66,2026-05-10
209,Graj Virrok,66,2026-05-10
207,Benson Fiorentini,66,2026-05-10
193,Tom Pedersen,66,2026-05-10
191,Rikkert Biemans,66,2026-05-10
151,M'Baku Olubori,65,2026-05-10
1048,Sir Devoir,66,2026-05-10
1043,BASE PACK,65,2026-05-10
1038,Justin Time,64,2026-05-10
242,Isaac Forty-One,67,2026-05-10
215,Emil Egli,66,2026-05-10
213,Tommi Koivu,66,2026-05-10
196,Eggward Elric,66,2026-05-10
188,Seamus O'Slapahan,65,2026-05-10
186,Pass Forfeit,65,2026-05-10
167,Ricky Koivu,65,2026-05-10
162,Benjamin Surkhi-Ze'ev,65,2026-05-10
156,Lord Farquaads,65,2026-05-10
155,Reed Kobo,65,2026-05-10
153,Luke Laraque,65,2026-05-10
135,Red Kirkby,64,2026-05-10
134,Mads McBride,64,2026-05-10
172,Sophie Bordeleau,65,2026-05-10
150,Louise St. Martin,64,2026-05-10
145,Binko Koivu,64,2026-05-10
130,Evan Winter,64,2026-05-10
126,San-sam Emerson,63,2026-05-10
122,Lias Ekholm-Gunnarsson,63,2026-05-10
1034,Rebecca Montagne,62,2026-05-10
165,Matsmith Söderberg-Tremblay,65,2026-05-10
120,Ivan Lacksamus,63,2026-05-10
116,Jay O'Neil,62,2026-05-10
113,Ben Jammin,62,2026-05-10
110,Mikko Rashford,62,2026-05-10
104,Shōyō Hinata,62,2026-05-10
1033,Brick Wall,62,2026-05-10
117,Zayne Dangle,62,2026-05-10
114,Dirty Boots,62,2026-05-10
111,Christian Kinsinger,62,2026-05-10
109,Wendolene Ramsbottom,62,2026-05-10
108,Yannick Svoboda,62,2026-05-10
107,Aksel Fiske,62,2026-05-10
102,Spack Jarrow,62,2026-05-10
100,Viktor Krunk,62,2026-05-10
90,Patya Perevalov,61,2026-05-10